<?xml version="1.0" encoding="UTF-8"?>
<beans xmlns="http://www.springframework.org/schema/beans"
       xmlns:mvc="http://www.springframework.org/schema/mvc"
       xmlns:xsi="http://www.w3.org/2001/XMLSchema-instance"
       xmlns:p="http://www.springframework.org/schema/p"
       xmlns:context="http://www.springframework.org/schema/context"
       xmlns:cache="http://www.springframework.org/schema/cache"
       xmlns:util="http://www.springframework.org/schema/util"
       xsi:schemaLocation="http://www.springframework.org/schema/beans
	http://www.springframework.org/schema/beans/spring-beans.xsd
	http://www.springframework.org/schema/context
	http://www.springframework.org/schema/context/spring-context.xsd
	http://www.springframework.org/schema/mvc
	http://www.springframework.org/schema/mvc/spring-mvc.xsd
	http://www.springframework.org/schema/cache
    http://www.springframework.org/schema/cache/spring-cache.xsd
    http://www.springframework.org/schema/util
    http://www.springframework.org/schema/util/spring-util.xsd">

    <!-- 扫描包路径-->
    <context:component-scan base-package="com.isunday.blog.controller"/>

    <!-- 拦截器
    <mvc:interceptors>
        <mvc:interceptor>
            <bean id="loginInterceptor" class="com.isunday.blog.interceptor.UpmsInterceptor"/>
            <mvc:exclude-mapping path="/sso/**"/>
        </mvc:interceptor>
    </mvc:interceptors>-->
    <!-- 视图映射设定 -->
    <!-- Jsp视图 -->
    <bean id="viewResolver" class="org.springframework.web.servlet.view.InternalResourceViewResolver">
        <property name="order" value="1"/>
        <property name="prefix" value="/WEB-INF/jsp/"/>
        <property name="suffix" value=".jsp"/>
        <property name="contentType" value="text/html; charset=utf-8"/>
        <property name="viewClass" value="org.springframework.web.servlet.view.JstlView"/>
    </bean>

    <!-- 处理静态资源 -->
    <mvc:default-servlet-handler/>

    <!--适配器-->
    <mvc:annotation-driven>
        <mvc:message-converters>
            <ref bean="stringHttpMessageConverter" />
            <ref bean="fastJsonHttpMessageConverter" />
        </mvc:message-converters>
    </mvc:annotation-driven>

    <bean id="stringHttpMessageConverter"
          class="org.springframework.http.converter.StringHttpMessageConverter">
        <constructor-arg value="UTF-8" index="0"></constructor-arg>
        <!-- 避免出现乱码 -->
        <property name="supportedMediaTypes">
            <list>
                <value>text/plain;charset=UTF-8</value>
            </list>
        </property>
    </bean>
    <bean id="fastJsonHttpMessageConverter"
          class="com.alibaba.fastjson.support.spring.FastJsonHttpMessageConverter">

        <property name="supportedMediaTypes">
            <list>
                <value>application/json;charset=UTF-8</value>
                <value>text/html;charset=UTF-8</value><!-- 避免IE出现下载JSON文件的情况 -->
            </list>
        </property>
        <property name="features">
            <list>
                <!-- <value>WriteMapNullValue</value> -->
                <value>QuoteFieldNames</value>
                <value>WriteDateUseDateFormat</value>
            </list>
        </property>
    </bean>

    <!-- 返回类型定义 -->
    <util:list id="messageConverters">
        <ref bean="stringHttpMessageConverter" />
        <ref bean="fastJsonHttpMessageConverter" />
    </util:list>


    <!-- 支持上传文件 -->
    <bean id="multipartResolver" class="org.springframework.web.multipart.commons.CommonsMultipartResolver" />

    <!-- restTemplate -->
    <bean id="restTemplate" class="org.springframework.web.client.RestTemplate">
        <property name="messageConverters" ref="messageConverters">
        </property>
    </bean>
</beans>