<?xml version="1.0" encoding="UTF-8"?>
<beans xmlns="http://www.springframework.org/schema/beans"
	xmlns:xsi="http://www.w3.org/2001/XMLSchema-instance"
	xmlns:context="http://www.springframework.org/schema/context"
	xmlns:tx="http://www.springframework.org/schema/tx"
	xmlns:aop="http://www.springframework.org/schema/aop"
	xmlns:task="http://www.springframework.org/schema/task"
	xmlns:cache="http://www.springframework.org/schema/cache"
	xsi:schemaLocation="http://www.springframework.org/schema/aop 
		http://www.springframework.org/schema/aop/spring-aop.xsd
		http://www.springframework.org/schema/task 
		http://www.springframework.org/schema/task/spring-task.xsd
		http://www.springframework.org/schema/beans
		http://www.springframework.org/schema/beans/spring-beans.xsd
		http://www.springframework.org/schema/tx 
		http://www.springframework.org/schema/tx/spring-tx.xsd
		http://www.springframework.org/schema/context 
		http://www.springframework.org/schema/context/spring-context.xsd
		http://www.springframework.org/schema/cache
    	http://www.springframework.org/schema/cache/spring-cache.xsd ">

	<!-- 引入属性文件
	<context:property-placeholder location="classpath:config.properties" />-->
	<context:property-placeholder  location="classpath:config-shiro.properties"/>
	<!-- 自动扫描(自动注入)-->
	<context:component-scan base-package="com.isunday.blog.schedule" />
	<!-- 定时器 -->
	<task:annotation-driven scheduler="msgScheduler"/>
	<task:scheduler id="msgScheduler" pool-size="10"/>

	<!--国际化信息输出-->
	<bean id="messageSource"  class="org.springframework.context.support.ResourceBundleMessageSource">
		<property name="basename" value="messages"/>
	</bean>

</beans>